{
  "curves": {
    "Label-only": [
      0.7316335439682007,
      0.14132443692816093,
      0.052546064319987706,
      0.03778244869638479,
      0.03512678298615461,
      0.03781769298312964,
      0.03730892560358738,
      0.03506585201884495,
      0.03515947661959359,
      0.03485604691117102,
      0.03440860100573544,
      0.036230489159287387,
      0.03834265790009698,
      0.03754072181222874,
      0.03922857300511966,
      0.035376475113795894,
      0.036456560534273603,
      0.03323528723552182,
      0.03706630832879352,
      0.03630851954752414,
      0.037032949921936203,
      0.03738998362900679,
      0.037112603767072413,
      0.03223612990758552,
      0.033820064326123535,
      0.03573372887804894,
      0.036266891263878144,
      0.03532579334122242,
      0.03293456527249973,
      0.033139851989731225,
      0.03495489523323593,
      0.03195612841421969,
      0.03808235749155501,
      0.03688797185799623,
      0.03644589803333974,
      0.0364187663739924,
      0.03645361045655244,
      0.034514500335184654,
      0.03535069073482744,
      0.03440680649155297,
      0.03730233152174258,
      0.03643854229661126,
      0.035859102726817964,
      0.036112776280871284,
      0.03699516287096141,
      0.037809879952207456,
      0.035833389061440866,
      0.03414368321075423,
      0.03795396471791126,
      0.03416184946515398,
      0.034919749552647913
    ],
    "Non-label-only": [
      0.6844985485076904,
      0.14221863283710326,
      0.05277600010846428,
      0.03768456725677992,
      0.03563738214767789,
      0.03787103433965922,
      0.037112374886238086,
      0.03522986734148192,
      0.03558015786175721,
      0.0347013964744967,
      0.03458888915739216,
      0.03663495158483917,
      0.03874611054269686,
      0.03803295554285594,
      0.0391709545326952,
      0.035889883854724185,
      0.036995905304344476,
      0.03354042669358745,
      0.03730339430362987,
      0.03701046192312454,
      0.03806349928427554,
      0.038365145370443804,
      0.0374097845881001,
      0.03287278760887752,
      0.03442716548967472,
      0.0365730817912424,
      0.03688105610890986,
      0.03599493565004653,
      0.0334258875739274,
      0.033860176235679,
      0.0354089492951315,
      0.0319247271059036,
      0.03877434038916835,
      0.038022817130892894,
      0.03735702265377605,
      0.03780372976105252,
      0.037416775272724336,
      0.035423444849777885,
      0.0362538368401731,
      0.034716055563622616,
      0.03861680069176136,
      0.03743995954554066,
      0.036591104154783435,
      0.03673643508417524,
      0.03771380218828654,
      0.03894249294298554,
      0.03675177902249024,
      0.03490715658449732,
      0.03856021932321356,
      0.03496748876937108,
      0.03583043220013452
    ],
    "Centralized": [
      0.6642234325408936,
      0.12824880017103737,
      0.05077455321543001,
      0.03747728526921558,
      0.03501083430387442,
      0.03763157522909974,
      0.03700652610133524,
      0.03484013619230008,
      0.03487886492289454,
      0.034475863872781995,
      0.034103650413214365,
      0.03583056535534861,
      0.03803099188182204,
      0.037384994478984794,
      0.0388221414100044,
      0.03520482534479511,
      0.036102307629724814,
      0.032892438642487615,
      0.03687018616553616,
      0.036056947872320215,
      0.03693064016979427,
      0.03708672719224285,
      0.03679462970398664,
      0.03205143231860397,
      0.03369078762324646,
      0.03557884742531818,
      0.0359386709804829,
      0.03497454331540546,
      0.03272647271504753,
      0.033053959575070874,
      0.03460984345182392,
      0.0316683265270169,
      0.03783295825731079,
      0.03646863527795003,
      0.036169820081699285,
      0.03627250675846301,
      0.03640769679571885,
      0.03417541535146453,
      0.03509576442485865,
      0.03410982215862611,
      0.037023394029090405,
      0.036243798101134206,
      0.03555980504796775,
      0.03583262370047296,
      0.03696145842527896,
      0.03767929144546662,
      0.035627477615459174,
      0.033866436869644065,
      0.03765188821594679,
      0.03401177884902409,
      0.034670774678375725
    ],
    "VanillaVFL": [
      0.6764799356460571,
      0.13065006261634823,
      0.051064381211054236,
      0.037354644566559604,
      0.034936963343068735,
      0.03758337478303092,
      0.036792399257930264,
      0.034685989087323094,
      0.0349242075448454,
      0.03452307882905686,
      0.03400772553897644,
      0.035844869966331204,
      0.03790964816817559,
      0.03722061606472006,
      0.03890180255999608,
      0.0351249798613368,
      0.03608995912047777,
      0.032981786707717856,
      0.036891887103893274,
      0.0361017778673224,
      0.036984580306856814,
      0.03716087260821657,
      0.03672935802128738,
      0.0320275941620258,
      0.03364711826234305,
      0.035542823919793264,
      0.035939302804389464,
      0.03475934951137282,
      0.03267752554828564,
      0.032979596773533064,
      0.03454809844084899,
      0.03154045987870685,
      0.03777196261374448,
      0.0364535118208143,
      0.0361772964120823,
      0.03632727144967317,
      0.03634009458495177,
      0.034113235566030506,
      0.03509570399645445,
      0.03412884291986413,
      0.037078871169691,
      0.03618795647327018,
      0.035479308757817775,
      0.03573402969526776,
      0.03687315489531909,
      0.037528648540633515,
      0.035537880595084365,
      0.03365183815759817,
      0.03750300901391058,
      0.03400042010328248,
      0.03467238627947792
    ]
  },
  "bootstrap": {
    "VanillaVFL_vs_Label-only": {
      "mean": 0.020122238708818897,
      "ci_low": 0.018086644379574694,
      "ci_high": 0.022331297354026912,
      "positive_ratio": 1.0,
      "n": 200
    },
    "Centralized_vs_Label-only": {
      "mean": 0.017997808625661103,
      "ci_low": 0.016079597536485725,
      "ci_high": 0.019926597426321684,
      "positive_ratio": 1.0,
      "n": 200
    },
    "VanillaVFL_vs_Centralized": {
      "mean": 0.0021244300831577967,
      "ci_low": 0.0009553120187245828,
      "ci_high": 0.0033287750007413353,
      "positive_ratio": 1.0,
      "n": 200
    }
  }
}