{
  "No Defense": {
    "leak_auc_gradnorm": 0.9999999981638653,
    "leak_auc_cluster": 0.4325004365004568,
    "test_auc": 0.6798355984600626
  },
  "MixPro": {
    "leak_auc_gradnorm": 0.874801381265436,
    "leak_auc_cluster": 0.4282009026488858,
    "test_auc": 0.6740679333775927,
    "test_metrics": {
      "AUC": 0.6740679333775927,
      "PR_AUC": 0.01379109043423011,
      "NLL": 0.03728623688220978,
      "KS": 0.2526288330554962,
      "Lift_1pct": 4.249834060668945,
      "Capture_1pct": 0.04249676689505577,
      "Lift_5pct": 3.0038933753967285,
      "Capture_5pct": 0.15019404888153076,
      "Lift_10pct": 2.490297317504883,
      "Capture_10pct": 0.2490297555923462,
      "Lift_20pct": 2.0692107677459717,
      "Capture_20pct": 0.41384217143058777
    },
    "delta_leak_cluster": -0.009941108698895987,
    "delta_leak_gradnorm": -0.1251986171283108,
    "auc_cost": -0.005767665082469842
  },
  "DP": {
    "leak_auc_gradnorm": 0.5233881035006014,
    "leak_auc_cluster": 0.4762371248510625,
    "test_auc": 0.6468007187479867,
    "test_metrics": {
      "AUC": 0.6468007187479867,
      "PR_AUC": 0.011549421038196254,
      "NLL": 0.040463946759700775,
      "KS": 0.21067869663238525,
      "Lift_1pct": 3.2924892902374268,
      "Capture_1pct": 0.03292367234826088,
      "Lift_5pct": 2.489014148712158,
      "Capture_5pct": 0.1244501918554306,
      "Lift_10pct": 2.1455368995666504,
      "Capture_10pct": 0.21455368399620056,
      "Lift_20pct": 1.8182406425476074,
      "Capture_20pct": 0.36364811658859253
    },
    "delta_leak_cluster": 0.10112518892350192,
    "delta_leak_gradnorm": -0.47661189553838756,
    "auc_cost": -0.03303487971207586
  }
}