{
  "test_window": "1 week (official split)",
  "total_conversions": 15460,
  "primary": {
    "K=1%": {
      "capture_best": 0.045795601552393275,
      "capture_base": 0.03945666235446313,
      "delta_capture": {
        "mean": 0.006130702568197504,
        "ci_low": 0.0033716358425289104,
        "ci_high": 0.008949639267809065
      },
      "weekly_incremental_conversions": {
        "mean": 94.78066170433341,
        "ci_low": 52.12549012549695,
        "ci_high": 138.36142308032814
      },
      "annual_incremental_conversions": {
        "mean": 4928.594408625338,
        "ci_low": 2710.5254865258416,
        "ci_high": 7194.794000177063
      }
    },
    "K=5%": {
      "capture_best": 0.15899094437257438,
      "capture_base": 0.14191461836998706,
      "delta_capture": {
        "mean": 0.01690059969692967,
        "ci_low": 0.012235115200552257,
        "ci_high": 0.022631242736529392
      },
      "weekly_incremental_conversions": {
        "mean": 261.28327131453267,
        "ci_low": 189.1548810005379,
        "ci_high": 349.8790127067444
      },
      "annual_incremental_conversions": {
        "mean": 13586.7301083557,
        "ci_low": 9836.05381202797,
        "ci_high": 18193.708660750708
      }
    },
    "K=10%": {
      "capture_best": 0.2686287192755498,
      "capture_base": 0.23389391979301424,
      "delta_capture": {
        "mean": 0.03443643094661558,
        "ci_low": 0.027456864515854936,
        "ci_high": 0.042542162180697896
      },
      "weekly_incremental_conversions": {
        "mean": 532.3872224346769,
        "ci_low": 424.4831254151173,
        "ci_high": 657.7018273135894
      },
      "annual_incremental_conversions": {
        "mean": 27684.1355666032,
        "ci_low": 22073.122521586098,
        "ci_high": 34200.49502030665
      }
    }
  },
  "costs": {
    "annual_inference_comm_GB": 16.19065344,
    "train_comm_GB_per_run": 0.988133504,
    "comm_cost_annual_cny": 56.096510976,
    "comm_cost_note": "名义单价 2.0 元/GB、月度重训假设，量级演示",
    "mixpro_capture_cost_at_headline_K": {
      "mean": -0.003678046686846127,
      "ci_low": -0.006676366802789213,
      "ci_high": -0.0006468640657558176
    },
    "mixpro_annual_conversion_cost": 2956.855292489339
  },
  "sensitivity_annual_value_cny": {
    "K=1%": {
      "V=50": {
        "mean": 246429.72043126688,
        "ci_low": 135526.27432629207,
        "ci_high": 359739.70000885316
      },
      "V=100": {
        "mean": 492859.44086253375,
        "ci_low": 271052.54865258414,
        "ci_high": 719479.4000177063
      },
      "V=200": {
        "mean": 985718.8817250675,
        "ci_low": 542105.0973051683,
        "ci_high": 1438958.8000354127
      },
      "V=500": {
        "mean": 2464297.2043126686,
        "ci_low": 1355262.7432629208,
        "ci_high": 3597397.0000885315
      }
    },
    "K=5%": {
      "V=50": {
        "mean": 679336.505417785,
        "ci_low": 491802.6906013985,
        "ci_high": 909685.4330375354
      },
      "V=100": {
        "mean": 1358673.01083557,
        "ci_low": 983605.381202797,
        "ci_high": 1819370.8660750708
      },
      "V=200": {
        "mean": 2717346.02167114,
        "ci_low": 1967210.762405594,
        "ci_high": 3638741.7321501416
      },
      "V=500": {
        "mean": 6793365.05417785,
        "ci_low": 4918026.906013985,
        "ci_high": 9096854.330375355
      }
    },
    "K=10%": {
      "V=50": {
        "mean": 1384206.77833016,
        "ci_low": 1103656.1260793048,
        "ci_high": 1710024.7510153323
      },
      "V=100": {
        "mean": 2768413.55666032,
        "ci_low": 2207312.2521586097,
        "ci_high": 3420049.5020306646
      },
      "V=200": {
        "mean": 5536827.11332064,
        "ci_low": 4414624.504317219,
        "ci_high": 6840099.004061329
      },
      "V=500": {
        "mean": 13842067.7833016,
        "ci_low": 11036561.260793049,
        "ci_high": 17100247.510153323
      }
    }
  },
  "net_value_headline": {
    "scenario": "K=5%, V=200 元/转化",
    "gross_annual_cny": 2717346.02167114,
    "comm_cost_cny": 56.096510976,
    "defense_utility_cost_cny": 591371.0584978678,
    "net_annual_cny": 2125918.8666622965
  }
}