{
  "coverage_rows": 0.4567681878174619,
  "p_aligned": 0.5650509960006889,
  "iters": 17964,
  "fed_batches": 10165,
  "local_batches": 7799,
  "train_comm_bytes": 666146816,
  "curve": [
    0.6764799356460571,
    0.13535609866304535,
    0.051325610540837646,
    0.03754649158043388,
    0.03700730399806719,
    0.03509867010423331,
    0.03609884789942452,
    0.033720263474215466,
    0.03482454080983827,
    0.03822927457800148,
    0.03529445903213424,
    0.03490467052081381,
    0.03626147513490926,
    0.034608387818460803,
    0.03740750295445355,
    0.03367346806307049,
    0.035329965668411234,
    0.032550464348660574,
    0.03492686041426331,
    0.03454587860193808,
    0.037682468745430804,
    0.03541064920921928,
    0.03488587212994297,
    0.03556503249614334,
    0.03725929403138858,
    0.039264771951000754,
    0.03497373609574328,
    0.03338277467830872,
    0.03616877080873557,
    0.03507338981352872,
    0.03502558069262952,
    0.0346808878608461,
    0.03622667970886026,
    0.032653646305474036,
    0.03602983646646589,
    0.03944451252551448,
    0.035903486587315084,
    0.03391323917507176,
    0.033528149519214165,
    0.03794768278186899,
    0.03621449757229986,
    0.03500899800045516,
    0.03378584735739664,
    0.03535404823620992,
    0.03744515484834084,
    0.037214492734551706,
    0.03551026933958411,
    0.03452544871783197,
    0.03260176785541113,
    0.03151262430965332,
    0.03745022699468643,
    0.03324397231391059,
    0.03795462613677819,
    0.03345701481407763,
    0.0329698098286518,
    0.03223398161898331,
    0.035651623937101466,
    0.035409577869091276,
    0.036129721646618,
    0.034067760117216565,
    0.035046456462277525,
    0.03635706545252174,
    0.03453716330805735,
    0.036029063936502424,
    0.035036914488483596,
    0.03544259929758176,
    0.03375217287202976,
    0.03629145897624561,
    0.031266374082417794,
    0.032309250641322916,
    0.03619202713638939,
    0.034471047945038705,
    0.03646110579026382,
    0.037234878095932476,
    0.03340470063327474,
    0.03474915201864897,
    0.033865552797021366,
    0.03358380539790944,
    0.03658572777370432,
    0.036813336886389866,
    0.033541417390885606,
    0.03205108419934859,
    0.03667221456218627,
    0.0337153982087401,
    0.03686223479517172,
    0.037993893707900614,
    0.03458196056763916,
    0.034514437693890794,
    0.03420281318107936,
    0.036362888917791165
  ],
  "bootstrap": {
    "HeuristicVFL_vs_VanillaVFL": {
      "mean": 0.005769781502930018,
      "ci_low": 0.0037239848986831943,
      "ci_high": 0.007626773652775085,
      "positive_ratio": 1.0,
      "n": 200
    },
    "HeuristicVFL_vs_Label-only": {
      "mean": 0.025892020211748915,
      "ci_low": 0.02329322229210849,
      "ci_high": 0.02872919141499978,
      "positive_ratio": 1.0,
      "n": 200
    }
  },
  "metrics": {
    "AUC": 0.6856132476773706,
    "PR_AUC": 0.01481449740643658,
    "NLL": 0.037149857729673386,
    "KS": 0.2689363956451416,
    "Lift_1pct": 4.5797295570373535,
    "Capture_1pct": 0.04579560086131096,
    "Lift_5pct": 3.1798317432403564,
    "Capture_5pct": 0.15899094939231873,
    "Lift_10pct": 2.6862871646881104,
    "Capture_10pct": 0.26862871646881104,
    "Lift_20pct": 2.1788485050201416,
    "Capture_20pct": 0.4357697367668152
  }
}