{
  "rows": {
    "aligned": {
      "n": 2598552,
      "cvr": 0.0059229139921002155
    },
    "test": {
      "n": 2432490,
      "cvr": 0.006355627361263562
    }
  },
  "party_B": {
    "n_fields": 5,
    "vocab_sizes": [
      6,
      6,
      6,
      6,
      4
    ]
  }
}