{
  "无防护": {
    "leak_auc_gradnorm": 0.9999999998758977,
    "test_auc": 0.6697780194823794
  },
  "MixPro防护": {
    "leak_auc_gradnorm": 0.8226574818046812,
    "test_auc": 0.6669460508258831,
    "delta_leak": -0.1773425180932251,
    "auc_cost": -0.0028319686564962643
  },
  "说明": "梯度范数攻击=诚实但好奇的B方用切割层梯度范数推断标签；嵌入聚类攻击在本数据无效不再保留"
}