model,AUC,PR_AUC,Logloss,Lift_1pct,Lift_5pct,Lift_10pct,Capture_1pct,Capture_5pct,Capture_10pct
Label-only,0.5794066571009371,0.00829444126713049,0.6799089020471071,1.7334986950376863,1.552386891078525,1.5032341526520052,0.017335058214747737,0.07761966364812418,0.15032341526520052
Non-label-only,0.5627239662787584,0.007549416781497767,0.6891926923772826,1.2613143490013015,1.3518702509808822,1.3111254851228977,0.012613195342820181,0.06759379042690815,0.1311125485122898
Centralized,0.6129672670910054,0.00976092226142488,0.670919711436588,2.3867948450332324,2.0465633847385223,1.9068564036222508,0.02386804657179819,0.10232858990944373,0.1906856403622251
VFL,0.6129672670910054,0.00976092226142488,0.6709197114365882,2.3867948450332324,2.0465633847385223,1.9068564036222508,0.02386804657179819,0.10232858990944373,0.1906856403622251
